testUser1,potal,テラ太郎1,てらたろう,m,表示,1992/08/12,tera1@mail.com,1,3
testUser2,potal,テラ太郎2,てらたろう,m,表示,1992/08/13,tera2@mail.com,1,3
testUser3,potal,テラ太郎3,てらたろう,m,表示,1992/08/14,tera3@mail.com,1,3
testUser4,potal,テラ太郎4,てらたろう,m,表示,1992/08/15,tera4@mail.com,1,3
testUser5,potal,テラ太郎5,てらたろう,m,表示,1992/08/16,tera5@mail.com,1,3
testUser6,potal,テラ太郎6,てらたろう,m,表示,1992/08/17,tera6@mail.com,1,3
testUser7,potal,テラ太郎7,てらたろう,m,表示,1992/08/18,tera7@mail.com,1,3
testUser8,potal,テラ太郎8,てらたろう,m,表示,1992/08/19,tera8@mail.com,1,3
testUser9,potal,テラ太郎9,てらたろう,m,表示,1992/08/20,tera9@mail.com,1,3
testUser10,potal,テラ太郎10,てらたろう,m,表示,1992/08/21,tera10@mail.com,1,3
